-BEGIN HEADER-,,,,,,,,,,,,,,
NASA/POWER CERES/MERRA2 Native Resolution Monthly and Annual ,,,,,,,,,,,,,,
Dates (month/day/year): 01/01/1981 through 12/31/2020 ,,,,,,,,,,,,,,
Location: Latitude  32.7578   Longitude -97.3146 ,,,,,,,,,,,,,,
Elevation from MERRA-2: Average for 0.5 x 0.625 degree lat/lon region = 254.24 meters,,,,,,,,,,,,,,
Value for missing model data cannot be computed or out of model availability range: -999 ,,,,,,,,,,,,,,
Parameter(s): ,,,,,,,,,,,,,,
PS                  MERRA-2 Surface Pressure (kPa) ,,,,,,,,,,,,,,
TS                  MERRA-2 Earth Skin Temperature (C) ,,,,,,,,,,,,,,
T2M                 MERRA-2 Temperature at 2 Meters (C) ,,,,,,,,,,,,,,
QV2M                MERRA-2 Specific Humidity at 2 Meters (g/kg) ,,,,,,,,,,,,,,
RH2M                MERRA-2 Relative Humidity at 2 Meters (%) ,,,,,,,,,,,,,,
WD50M               MERRA-2 Wind Direction at 50 Meters (Degrees) ,,,,,,,,,,,,,,
WS10M               MERRA-2 Wind Speed at 10 Meters (m/s) ,,,,,,,,,,,,,,
WS50M               MERRA-2 Wind Speed at 50 Meters (m/s) ,,,,,,,,,,,,,,
PRECTOTCORR         MERRA-2 Precipitation Corrected (mm/day) ,,,,,,,,,,,,,,
PRECTOTCORR_SUM     MERRA-2 Precipitation Corrected Sum (mm) ,,,,,,,,,,,,,,
-END HEADER-,,,,,,,,,,,,,,
PARAMETER,YEAR,JAN,FEB,MAR,APR,MAY,JUN,JUL,AUG,SEP,OCT,NOV,DEC,ANN
PS,1981,99.17,99,98.53,98.64,98.18,98.29,98.49,98.45,98.65,98.69,98.76,98.81,98.64
PS,1982,98.81,99.11,98.5,98.52,98.27,98.28,98.51,98.53,98.58,98.76,98.83,98.78,98.62
PS,1983,98.91,98.51,98.06,98.08,98.23,98.26,98.63,98.59,98.65,98.8,98.37,99.2,98.53
PS,1984,99.4,98.61,98.42,98.03,98.38,98.36,98.49,98.47,98.72,98.58,98.9,98.89,98.61
PS,1985,99.24,99.08,98.57,98.47,98.26,98.42,98.49,98.42,98.6,98.66,98.61,99.26,98.67
PS,1986,99.22,98.56,98.7,98.41,98.27,98.4,98.58,98.55,98.56,98.87,98.91,99.18,98.69
PS,1987,98.84,98.61,98.53,98.61,98.38,98.49,98.54,98.45,98.56,99,98.9,98.79,98.64
PS,1988,99.33,99.13,98.7,98.34,98.42,98.51,98.57,98.36,98.49,98.9,98.49,99.21,98.7
PS,1989,99.06,99.39,98.64,98.53,98.3,98.4,98.6,98.46,98.69,98.81,98.75,99.24,98.73
PS,1990,98.84,98.85,98.83,98.59,98.21,98.37,98.63,98.63,98.63,98.79,98.89,98.99,98.69
PS,1991,99.1,99.03,98.23,98.19,98.32,98.42,98.56,98.64,98.85,98.61,99.07,99.16,98.68
PS,1992,99.02,98.7,98.55,98.5,98.61,98.08,98.48,98.74,98.61,98.7,98.69,98.92,98.63
PS,1993,99.15,98.91,98.75,98.28,98.29,98.3,98.38,98.51,98.64,98.78,99.06,98.95,98.67
PS,1994,99.14,98.96,98.65,98.5,98.49,98.26,98.47,98.56,98.69,98.52,98.75,99.07,98.67
PS,1995,98.84,98.98,98.73,98.2,98.11,98.39,98.35,98.32,98.59,98.59,98.92,98.93,98.58
PS,1996,98.76,98.8,98.75,98.42,98.13,98.39,98.44,98.63,98.38,98.63,98.91,98.81,98.59
PS,1997,99.05,98.99,98.75,98.41,98.5,98.19,98.55,98.58,98.46,98.62,98.75,98.71,98.63
PS,1998,98.59,98.27,98.49,98.36,98.07,98.12,98.43,98.58,98.18,98.81,98.77,99.17,98.49
PS,1999,98.71,98.79,98.66,98.27,98.29,98.38,98.6,98.4,98.49,98.87,99.08,98.99,98.63
PS,2000,99.06,98.95,98.53,98.56,98.19,98.53,98.45,98.57,98.46,98.98,98.82,99.35,98.7
PS,2001,99.16,99,98.69,98.61,98.39,98.43,98.42,98.57,98.59,98.82,98.89,98.88,98.7
PS,2002,98.89,99.23,98.71,98.54,98.43,98.41,98.62,98.51,98.41,98.64,98.99,98.79,98.68
PS,2003,99.34,98.69,98.32,98.32,98.2,98.21,98.54,98.52,98.62,98.6,98.83,98.94,98.6
PS,2004,98.95,98.97,98.93,98.49,98.39,98.46,98.47,98.59,98.59,98.38,98.83,99.11,98.68
PS,2005,99.14,98.97,98.35,98.4,98.38,98.19,98.51,98.44,98.56,98.75,98.75,98.91,98.61
PS,2006,98.74,98.93,98.6,98.28,98.27,98.5,98.52,98.4,98.5,98.52,98.77,99.1,98.59
PS,2007,99.28,98.77,98.74,98.55,98.51,98.32,98.51,98.49,98.63,98.58,99.01,98.81,98.68
PS,2008,99.12,98.59,98.53,98.41,98.06,98.29,98.44,98.27,98.63,98.96,98.89,98.93,98.59
PS,2009,98.98,98.89,98.59,98.34,98.4,98.15,98.39,98.51,98.53,98.41,98.87,98.83,98.57
PS,2010,99,98.82,98.46,98.29,98.22,98.29,98.48,98.27,98.45,98.75,98.72,98.83,98.55
PS,2011,98.92,98.78,98.58,97.96,98.12,98.16,98.23,98.15,98.49,98.69,98.79,99.17,98.5
PS,2012,98.91,98.93,98.5,98.35,98.28,98.22,98.46,98.33,98.58,98.6,99.07,98.66,98.57
PS,2013,99.06,98.64,98.74,98.4,98.39,98.33,98.52,98.53,98.41,98.63,99.22,99.08,98.66
PS,2014,99.09,98.79,98.68,98.33,98.39,98.27,98.63,98.47,98.65,98.52,99.04,99.04,98.66
PS,2015,99.4,99.09,98.96,98.31,98.51,98.45,98.4,98.42,98.48,98.65,98.84,98.55,98.67
PS,2016,98.92,98.92,98.41,98.45,98.46,98.48,98.43,98.49,98.66,98.75,98.92,99.08,98.66
PS,2017,98.75,98.5,98.79,98.26,98.23,98.24,98.55,98.45,98.54,98.72,98.8,99.17,98.58
PS,2018,99.46,98.97,98.62,98.63,98.33,98.23,98.53,98.52,98.51,98.72,98.85,98.82,98.68
PS,2019,99.05,98.72,99.02,98.29,98.18,98.34,98.47,98.3,98.49,98.57,98.91,98.88,98.6
PS,2020,98.93,98.9,98.69,98.42,98.37,98.42,98.33,98.34,98.63,98.71,99.05,98.9,98.64
TS,1981,5.56,9.01,12.85,20.79,21.64,26.73,31.78,31.19,25.14,18.03,11.33,5.75,18.37
TS,1982,4.1,5.37,13.62,16.79,21.8,24.69,28.86,32.38,27.47,19.51,11.96,6.59,17.83
TS,1983,4.14,7.58,11.6,16.05,21.86,25.88,30.65,31.7,27.78,19.45,12.82,1,17.59
TS,1984,1.98,8.71,12.44,17.37,25.32,30.3,33,31.9,26.01,18.44,9.83,9.56,18.77
TS,1985,1.15,5.37,14.73,18.33,22.51,27.3,31.59,34.76,26.79,18.79,12.85,3.75,18.23
TS,1986,6.77,9.26,15.17,20.39,21.67,25.98,32.27,30.89,25.56,17.75,9.58,5.44,18.45
TS,1987,3.83,8.86,10.96,17.8,24.25,25.28,29.53,33.59,24.94,19.38,12.06,5.75,18.07
TS,1988,2.72,6.95,12.52,18.63,24.11,27.23,31.06,33.8,25.58,18.71,12.8,6.96,18.46
TS,1989,7.8,4.83,11.83,17.85,22.5,24.36,29.05,28.91,23.83,19.99,11.98,1.94,17.15
TS,1990,8.02,9.84,13.08,16.71,21.16,29.73,30,30.48,28.43,18.29,13.34,5.06,18.72
TS,1991,3.75,9.48,13.9,20.2,23.93,27.66,31.94,28.18,22.79,19.31,7.7,6.89,18.03
TS,1992,4.95,9.49,13.19,17.96,21.33,25.52,29.48,27.9,25.58,20.42,10.25,6.74,17.76
TS,1993,4.76,7.19,11.08,15.99,21.33,27.99,33.58,33.67,25.15,16.45,7.97,6.24,17.69
TS,1994,5.48,6.84,13.26,19.06,21.67,29.79,30.06,31.86,23.37,18.72,12.32,7.07,18.36
TS,1995,5.23,8.55,12.26,16.96,21.5,26.52,31.47,30.2,25.73,19.28,12.1,7.15,18.13
TS,1996,4.55,9.75,11.7,17.78,28.99,30.14,31.91,28.4,22.8,18.67,10.57,6.59,18.51
TS,1997,4.53,7.62,12.95,14.96,20.72,26.59,31.65,30.69,29.62,19.39,10,4.97,17.87
TS,1998,7.14,8.71,10.7,16.63,26.91,31.62,36.14,33.17,30.23,20.37,13.27,6.53,20.18
TS,1999,6.84,11.44,12.55,19.25,23.18,27.55,31.95,35.69,26.9,20.39,15.03,7.8,19.93
TS,2000,7.48,12.19,14.91,18.33,25.66,25.87,33.2,35.34,28.89,20.18,8.12,1.78,19.36
TS,2001,3.57,8.33,9.67,19.22,23.92,28.97,34.27,31.05,24.24,17.88,14.26,7.76,18.65
TS,2002,6.74,6.46,11.39,19.26,22.3,28.01,29.37,32.12,27.22,17.85,9.88,6.77,18.18
TS,2003,4.69,6.85,12.64,19.98,25.94,26.64,33.24,32.33,23.59,20.3,13.8,7.98,19.08
TS,2004,7.94,6.52,15.38,18.73,24.08,25.3,28.28,27.27,26.11,20.87,12.1,6.03,18.26
TS,2005,7.82,9.54,12.09,18.68,24.25,30.8,31.54,30.53,30.43,20.42,14.37,6.88,19.82
TS,2006,10.82,8.25,14.88,21.28,24.56,30.87,33.41,34.29,24.68,19.41,12.73,7.54,20.3
TS,2007,3.31,7.45,16.31,16.13,22.23,25.02,26.25,29.52,25.71,20.62,13.98,7.13,17.87
TS,2008,5.55,9.83,13.29,17.4,24.17,31.3,32.82,29.94,24.54,19.13,12.63,6.73,18.97
TS,2009,5.81,11.73,14.73,18.12,22.7,29.51,32.55,30.8,23.76,16.05,12.62,3.5,18.51
TS,2010,4.54,4,10.74,18.15,24.34,31.04,29.46,33.65,25.19,18.65,12.73,7.07,18.37
TS,2011,3.71,8.27,16.38,22.39,23.24,32.91,37.01,36.46,27.39,18.49,12.36,6.05,20.45
TS,2012,6.97,8.92,15.9,20.83,26.23,29.14,33.29,31.45,26.51,18.56,14.45,8.83,20.12
TS,2013,6.83,9.19,12.09,16.79,22.92,29.06,30.1,32.52,29.09,19.22,10.01,4.04,18.54
TS,2014,4.24,6.76,11.82,19.01,24.04,27.58,29.15,31.37,27.23,21.87,9.36,8.59,18.48
TS,2015,4.51,6.33,12.47,18.8,21.6,26.23,30.01,32.54,29.4,22.27,12.26,7.91,18.76
TS,2016,4.94,10.19,14.26,18.44,21.36,26.84,31.33,29.88,26.47,21.48,15.18,7.55,19.01
TS,2017,7.86,12.66,17.48,19.89,24.19,26.8,30.58,28.55,26.68,19.29,14.8,7.05,19.69
TS,2018,4.67,8.22,14.28,16.15,26.76,32.49,34.26,30.3,25.33,17.48,8.8,6.61,18.84
TS,2019,5.11,8.76,11.57,18.1,22.3,26.59,30.65,33.47,30.92,19.42,10.26,7.88,18.8
TS,2020,8.22,7.75,15.77,16.92,22.96,27.88,31.89,33.05,24.09,18.69,14.05,7.31,19.09
T2M,1981,5.66,8.85,12.79,20.56,21.26,26.31,30.37,29.63,24.54,18.01,11.8,6.08,18.03
T2M,1982,4.34,5.26,13.59,16.4,21.69,24.49,28.31,30.9,26.2,19.09,11.9,6.87,17.5
T2M,1983,4.4,7.37,11.44,15.65,21.28,25.12,29.3,30.21,26.42,19.26,12.98,0.83,17.07
T2M,1984,2.29,8.86,12.27,17,24.29,28.91,31.05,30.48,24.73,18.33,10.22,9.82,18.22
T2M,1985,1.27,5.24,14.55,18.32,22.31,26.5,30.11,32.75,25.76,18.72,12.95,4.11,17.78
T2M,1986,7.05,9.37,14.78,19.83,21.51,25.8,30.92,29.48,25.3,17.63,9.73,5.55,18.12
T2M,1987,4.12,8.87,11,17.37,23.68,25.15,28.51,31.9,24.45,18.8,12.14,6.04,17.72
T2M,1988,2.92,6.79,12.17,17.96,22.99,26.43,29.78,31.98,25.01,18.28,13.01,7.45,17.93
T2M,1989,7.91,4.43,11.69,17.54,22.42,24.1,27.98,27.85,22.91,19.62,12.21,1.98,16.8
T2M,1990,8.56,9.88,12.98,16.64,21.04,28.88,28.72,29.27,27.18,17.98,13.58,5.16,18.36
T2M,1991,3.75,9.62,13.83,19.68,23.43,26.94,30.24,27.5,22.44,19.2,8.08,7.35,17.72
T2M,1992,5.5,9.84,13.19,17.63,20.82,25.17,28.55,26.67,24.83,19.95,10.25,6.99,17.47
T2M,1993,4.74,7.13,11.01,15.81,20.86,27.14,31.8,31.98,24.44,16.3,8.26,6.69,17.25
T2M,1994,5.69,6.91,13.19,18.51,21.2,28.79,29.09,29.99,23.15,18.67,12.62,7.53,18.01
T2M,1995,5.71,8.84,12.09,16.85,21.33,25.75,30.33,29.41,24.83,19.08,12.06,7.13,17.83
T2M,1996,4.6,9.65,10.95,17.28,27.74,28.71,30.73,27.54,22.75,18.44,10.77,6.98,18.04
T2M,1997,4.69,7.8,13.11,14.78,20.52,26.01,30.19,29.12,28.07,19.05,10.03,5.17,17.43
T2M,1998,7.29,8.7,10.59,16.3,26.13,30.36,34.02,31.4,28.87,20.07,13.29,6.75,19.54
T2M,1999,7.08,11.68,12.18,19.18,22.62,26.76,30.24,33.43,25.63,19.69,15.12,8.15,19.35
T2M,2000,7.55,12.02,14.5,17.74,24.87,25.4,31.4,33.26,27.4,19.9,8.41,2.05,18.73
T2M,2001,4.01,8.37,9.69,19.15,23.34,27.64,32.25,29.84,23.55,17.63,14.27,8.17,18.21
T2M,2002,7.08,6.68,11.11,19.12,21.87,26.9,28.47,30.42,26.16,17.37,10.21,7.08,17.76
T2M,2003,4.82,6.64,12.19,19.34,24.87,25.92,31.22,30.8,23.01,19.94,13.76,8.27,18.48
T2M,2004,7.86,6.37,15.36,18.33,23.31,25.1,27.49,26.57,25.33,20.86,12.34,6.53,17.99
T2M,2005,7.89,9.61,11.98,18.05,23.11,29.26,29.84,29.35,28.92,19.76,14.37,7.09,19.14
T2M,2006,11.16,8.06,14.69,20.77,23.96,29.08,31.42,32.41,24.02,18.9,12.8,7.73,19.65
T2M,2007,3.48,7.48,16.13,15.76,22.04,25,25.92,28.8,25.18,20.19,13.74,7.27,17.64
T2M,2008,5.83,9.68,13.14,17.18,23.46,29.8,31.01,28.76,23.76,18.69,12.84,6.91,18.44
T2M,2009,6.06,11.51,14.19,17.7,22.13,28.52,30.87,29.42,23.35,15.93,13.03,3.71,18.06
T2M,2010,4.67,3.91,10.76,17.94,23.81,29.77,28.69,31.95,25.04,18.6,12.79,7.15,18
T2M,2011,3.97,8.07,15.54,21.74,22.64,31.48,34.57,34.54,26.25,18.5,12.47,6.3,19.73
T2M,2012,7.51,9.09,16.03,20.47,25.18,28.12,31.35,30.12,25.65,18.29,14.49,8.99,19.64
T2M,2013,7.23,9.06,11.71,16.29,22.3,28.06,28.78,30.74,27.9,18.9,10.01,4.3,17.98
T2M,2014,4.53,6.46,11.3,18.28,23.13,26.88,27.98,29.81,26,21.31,9.48,8.55,17.88
T2M,2015,4.81,6.2,12.36,18.54,21.58,26.1,29.23,30.74,27.91,21.52,12.51,8.76,18.43
T2M,2016,5.27,10.41,14.37,18.25,21.11,26.54,30.23,28.85,25.84,21.23,15.36,7.62,18.77
T2M,2017,7.94,12.76,16.91,19.39,23.15,26.12,29.51,27.69,25.74,19.05,14.73,7.2,19.21
T2M,2018,4.78,8,14.37,15.64,25.87,30.77,32.34,29.2,24.73,17.58,9.17,6.98,18.35
T2M,2019,5.45,8.65,11.51,17.94,22.13,26.11,29.34,31.8,29.66,18.68,10.55,8.31,18.4
T2M,2020,8.57,7.83,15.82,16.74,22.55,27.15,30.4,31.14,23.39,18.02,14.21,7.78,18.67
QV2M,1981,3.97,5.19,6.16,10.13,11.47,16.05,14.71,12.39,12.27,10.93,7.2,4.88,9.64
QV2M,1982,4.21,4.7,7.63,8,13.18,15.14,15.44,12.94,10.01,8.24,6.71,5.13,9.28
QV2M,1983,4.27,5.31,6.23,6.96,10.19,13.24,13.61,14.59,11.35,9.46,7.08,3.23,8.79
QV2M,1984,3.36,4.39,6.71,6.71,10.07,12.33,11.05,12.51,9.77,10.25,6.41,7.08,8.42
QV2M,1985,3.48,5,8.42,9.89,11.78,12.88,13.06,11.17,11.23,10.44,8.24,4.15,9.16
QV2M,1986,4.27,5.68,6.71,9.46,12.51,16.24,12.45,12.33,15.2,9.83,6.16,4.82,9.64
QV2M,1987,4.21,6.1,6.04,7.08,12.88,15.69,14.71,12.76,11.66,7.26,6.29,4.82,9.16
QV2M,1988,3.85,4.52,5.55,6.9,8.61,12.76,13.79,12.51,11.84,8.36,6.23,4.7,8.3
QV2M,1989,5.13,4.58,7.2,8.79,13.37,15.01,14.59,13.92,10.68,7.93,5.43,2.75,9.16
QV2M,1990,4.58,5.86,7.93,9.83,12.51,14.4,12.88,13.43,12.57,8.36,7.57,4.52,9.52
QV2M,1991,4.21,5.43,6.23,9.16,14.04,15.56,13.55,14.71,13.12,9.22,5.98,5.98,9.77
QV2M,1992,5,6.59,7.87,9.7,11.66,15.5,15.32,12.63,12.45,7.87,5.98,5.55,9.7
QV2M,1993,4.64,5.31,6.65,8.48,11.35,15.14,13.37,12.7,11.23,8.67,5.62,5.19,9.03
QV2M,1994,4.76,5,7.02,9.03,12.7,14.71,13.85,12.7,11.9,10.25,8.06,5.8,9.64
QV2M,1995,4.7,5.43,7.26,9.09,12.33,13.37,14.22,16.05,12.08,7.2,5.55,4.58,9.34
QV2M,1996,3.78,4.52,4.33,6.41,11.17,13.43,14.47,15.01,12.94,9.4,7.14,5.37,9.03
QV2M,1997,4.46,5.68,7.57,8.24,11.84,15.01,14.59,13.67,11.11,9.7,5.74,4.46,9.34
QV2M,1998,5.86,5.86,6.77,7.39,10.62,13.18,13.18,13.61,13.55,11.05,8.06,5.37,9.58
QV2M,1999,5.19,6.1,6.65,9.22,11.78,15.32,13.98,11.23,10.25,6.9,6.65,4.58,9.03
QV2M,2000,4.76,5.86,7.14,8.18,12.02,15.2,12.15,10.62,8.91,9.83,6.04,3.85,8.73
QV2M,2001,4.33,6.29,6.29,10.74,12.76,13.18,14.04,14.16,12.82,8.18,7.63,5.25,9.64
QV2M,2002,4.76,4.09,6.41,11.05,11.78,13.79,15.69,13.61,11.47,9.28,5.49,5.13,9.4
QV2M,2003,4.21,5.13,6.65,8.18,11.66,14.47,13.24,13.73,11.96,9.34,7.32,4.58,9.22
QV2M,2004,5.37,4.7,8.12,9.34,12.57,16.42,15.32,14.1,11.6,11.47,7.75,5.07,10.19
QV2M,2005,6.16,5.92,6.04,7.69,10.99,12.57,13.67,15.01,11.35,8.06,5.92,3.23,8.91
QV2M,2006,3.66,4.39,7.02,9.16,11.54,11.29,12.82,13.18,10.86,8.18,6.59,5,8.67
QV2M,2007,4.03,5,8.79,8.61,13.55,16.6,16.97,16.66,14.28,9.7,6.96,4.94,10.56
QV2M,2008,4.15,4.94,7.26,8.73,11.54,13.43,12.88,14.95,12.02,8.18,5.86,4.21,9.03
QV2M,2009,3.3,4.94,6.59,7.81,12.08,13.79,13.06,14.04,12.88,9.7,7.69,4.21,9.22
QV2M,2010,4.64,4.27,6.1,9.28,11.96,14.77,16.54,14.1,15.08,7.51,6.16,3.85,9.52
QV2M,2011,3.66,5.43,6.41,8.54,10.86,12.21,12.08,12.15,8.3,8.24,6.53,4.94,8.3
QV2M,2012,4.94,5.8,9.22,10.5,11.9,13.85,13.43,12.94,11.17,8.91,5.92,4.64,9.46
QV2M,2013,5.13,5,5.8,8.24,11.41,13.49,13.49,13.55,11.9,10.01,5.86,4.21,9.03
QV2M,2014,3.36,4.46,5.25,7.87,10.38,15.56,14.1,13.55,13,9.83,5.37,5.92,9.09
QV2M,2015,4.03,4.7,7.69,10.62,13.98,16.97,16.05,13.24,12.45,8.36,7.87,6.29,10.19
QV2M,2016,4.58,6.04,7.81,9.77,12.7,16.6,16.17,15.56,14.71,11.05,8.54,4.94,10.68
QV2M,2017,5,6.84,8.24,9.95,10.25,15.56,16.54,16.11,12.45,8.79,7.45,4.52,10.13
QV2M,2018,3.66,5.8,7.75,7.2,13.18,14.47,13.12,14.89,15.62,11.29,6.1,5.31,9.89
QV2M,2019,4.64,6.1,6.35,9.58,13.79,16.24,15.38,15.44,14.16,8.12,6.29,5.13,10.13
QV2M,2020,5.68,5.19,9.52,9.03,12.45,14.22,16.3,13.49,13.43,8.3,7.02,4.46,9.95
RH2M,1981,69.38,67.19,67.38,66.19,71.12,75.5,57.81,50.06,63.5,79.62,80.19,78.31,68.81
RH2M,1982,70.19,78.69,73.94,66.81,79.69,77.81,65.75,49,48.31,58.19,70.38,76.88,67.88
RH2M,1983,80.62,79.62,70.88,61.56,65.56,67.69,56.81,57.31,53.06,68.19,68.75,69.31,66.56
RH2M,1984,73.38,60.88,70.81,57.12,55.25,52.12,41.31,48,51.44,75.94,77.06,85.62,62.44
RH2M,1985,78.62,80.88,77.75,73.19,70.31,61.75,51.88,37.62,55.88,75.19,80.12,75.88,68.12
RH2M,1986,67.12,72.38,64.31,65.5,77.56,78.38,48.38,50.19,75.75,75.94,77.25,83.62,69.62
RH2M,1987,80.25,82.25,70.25,59.06,72.12,78.06,63.12,45.69,62.31,54.69,68.25,78,67.75
RH2M,1988,76.56,70.94,61.81,55.94,52.31,61.06,54.94,44.06,61.19,65.25,62.38,70.12,61.31
RH2M,1989,74.62,77.06,76.38,68.75,77.44,79,64.25,61.19,61.81,55.38,58.75,57,67.56
RH2M,1990,62.25,75.25,79,78.94,78.19,60.88,55.44,55.69,58.12,63.44,73.94,73.5,67.81
RH2M,1991,81.38,71.25,61.75,65.38,76.62,71.75,53.5,66.19,74.38,66.06,79.12,86.5,71.12
RH2M,1992,84.75,83.25,79.12,75.06,76,77.31,65.19,59.94,64.12,56.06,70.69,82.06,72.75
RH2M,1993,83.56,80.19,77.31,73.31,74.19,69.5,49.06,45,59.69,70.75,75.12,78.06,69.56
RH2M,1994,77.75,73.75,70.94,66,79.56,62.81,57.44,50.25,66.62,73.94,81.5,85.69,70.5
RH2M,1995,78.81,73.75,76.81,73.12,76.38,66.44,55.88,64.31,62.56,53.44,60.56,69.06,67.56
RH2M,1996,65.38,55.38,50.88,53.56,51.12,57.06,55.5,67.88,73.38,69.75,81.06,78.06,63.25
RH2M,1997,73.44,82.38,76.88,75.56,76.62,72,57,56.75,48.44,68.56,72.19,78.62,69.81
RH2M,1998,86.56,81.62,76.44,64.5,53.75,51.06,41.25,50,57.94,73.81,80.75,79.5,66.31
RH2M,1999,76.31,67.94,73.44,64.5,68.81,70.62,55,35.81,49.56,49.5,61.62,64.31,61.38
RH2M,2000,69.38,65.38,68,65.12,62.81,75.25,45.12,34.88,40.44,65.56,81.38,83.06,63
RH2M,2001,83.38,83.38,81,74.69,71.62,59.75,49.12,56.62,69.88,64.12,70.94,70.75,69.5
RH2M,2002,69.88,65.75,70.25,77.12,70.81,64.25,67,52.56,55.94,74.06,70,78.44,68.06
RH2M,2003,75.94,77.25,72.12,59.19,61.44,69.81,50.19,52.69,68.88,64,67.25,64.19,65.12
RH2M,2004,71.75,77.06,72.12,69.94,70.5,82.06,68.5,66,58.5,73.31,83.06,77.25,72.5
RH2M,2005,81.81,77.56,69.81,60.62,64.12,52.25,54.62,61.38,47.75,54.19,54.06,52.06,60.81
RH2M,2006,46.19,63.5,65.31,61.38,63.25,47.94,47.44,45.88,58.88,59.88,67.31,70.12,58.06
RH2M,2007,78.62,73.75,71.69,72.06,80.81,83,80.94,69.06,72.31,63.88,66.69,72.19,73.75
RH2M,2008,66.5,63.94,72,68.62,63.81,54.12,48.31,63.44,66.75,60.31,61.75,60.81,62.5
RH2M,2009,57,56.69,63.56,60.31,72.75,58.94,50.5,57.25,72.38,80.94,78.69,79.19,65.75
RH2M,2010,79,81.69,74.19,70.88,65.25,58.94,68.94,48.94,74.38,56.81,62.81,61.5,66.81
RH2M,2011,70.12,68,58.25,52.31,62.44,44.81,36.19,37.31,41.06,61.62,66.94,79.06,56.44
RH2M,2012,73.38,76.44,76.19,70,61.31,60.75,49.56,51.81,57,63.94,55.81,59,62.88
RH2M,2013,74.06,68.19,64.69,68.25,65.38,59.19,56.81,51,52.25,71.06,70.81,76.38,64.81
RH2M,2014,60.88,69.38,61.62,59.56,59.5,71,62.06,54,62.75,62.31,66.38,78.62,63.94
RH2M,2015,73.5,74.25,80.38,77.12,84.88,79.75,65.12,50.12,54.44,54,80.88,82.56,71.38
RH2M,2016,80.69,72.5,73.88,72.75,78.62,76.5,61.88,65.5,70.44,69.5,74.25,69.12,72.12
RH2M,2017,69.44,69.62,66.94,69.19,58.88,73.94,65.88,70.44,61.75,59.44,68.44,66.75,66.69
RH2M,2018,62.25,76.38,71.88,63.56,64.88,54.06,45.88,60.44,79.88,84.69,78.69,81.31,68.62
RH2M,2019,79,79.06,70.06,72.38,80.75,76.31,61.81,54.56,56.06,57.94,72.44,72.06,69.31
RH2M,2020,77.12,74.31,81.31,73.31,72.38,64.75,61.88,49.56,73.81,63.38,67.31,66.75,68.75
WD50M,1981,337.31,206,215.56,185.25,155.12,172.62,175.06,152.06,167.62,161,220.62,221.31,176.94
WD50M,1982,258.38,26.81,181.81,129.06,174.31,156.19,172.75,169.31,135.75,156.25,188.75,248.81,170.06
WD50M,1983,330.44,355,221.88,224.44,157,149.25,161.44,155.19,159.25,167,219.12,345.12,170.81
WD50M,1984,352.81,251.44,199,256.38,160.44,174.06,158.06,172.94,150,171.44,198.5,198.56,180.25
WD50M,1985,337.94,166.56,188.31,173.94,186.69,173.94,178.88,170.56,163.25,148.62,180.31,307,177.19
WD50M,1986,267.38,304.56,179.38,169.5,166.62,177.12,181.38,157.38,174.06,163.25,353.75,27.94,174.69
WD50M,1987,305.19,310.5,231.94,246.62,174.75,160.94,179.06,183.81,168.19,166.69,212.44,302.94,188.44
WD50M,1988,239,298.94,195.38,207.88,179.56,161.5,184.62,166.62,148.25,125.75,224.31,224.06,182
WD50M,1989,187.75,12.38,159.31,151.38,163.62,134.38,138.25,162.88,91.06,182.5,226.88,327.5,160.5
WD50M,1990,233.62,200.62,169.31,159.38,169.12,166.88,176.06,185.31,173.62,176.12,201.88,238.25,181.88
WD50M,1991,329.19,256.31,218.81,164.38,152.12,165.19,174.56,166.06,146.31,179.62,213.06,205.12,173.94
WD50M,1992,280.12,304,195.19,175.75,144.5,177.19,188.88,151.12,155.25,168.44,217.75,228.06,181.94
WD50M,1993,3.75,320.81,291.06,190.75,180,176.56,183.12,177.62,174.94,79,209.94,255.38,187.19
WD50M,1994,237.38,215.06,229.19,182.44,137.75,171,169.12,153.62,171.56,142.38,185.81,32.69,169.94
WD50M,1995,280.19,322.19,80.94,180.5,169.5,167.44,176.69,164.5,134.94,191.81,216,273,179.12
WD50M,1996,271.88,268.31,242.88,193.62,181.94,167,177.44,156.94,146.19,164.94,187.38,238,187.31
WD50M,1997,281.25,83.19,144.38,129.81,146.62,170.81,171.75,161.06,147.75,168.19,290.94,313.44,167.94
WD50M,1998,211.44,303.38,216.44,215.5,180.5,181.75,183.31,170.12,125,151.56,176.88,341.62,178.12
WD50M,1999,231.75,214.25,99.62,193.06,171.31,167.81,175.12,147.5,131.75,153.56,193.81,248.31,177.12
WD50M,2000,198.94,198.31,170.12,165.75,177.62,162.56,161,176.81,136.12,162.44,15.62,355,168.25
WD50M,2001,328,174.56,49.06,178.44,171.62,151.94,164.31,157.88,124.44,172.19,173.88,251.56,165.75
WD50M,2002,239.88,270.69,170.25,159.25,154.06,146.75,172.94,148.69,101.69,76.06,297.31,246.62,161.12
WD50M,2003,297.81,319.88,211.88,185.31,164.19,125.69,177.38,152.25,126.5,174.44,205.94,219.25,178.69
WD50M,2004,201.12,80,167.38,176.5,178.56,154.5,176.06,158.19,122.75,214.31,338.31,237.75,170.5
WD50M,2005,171.25,292.56,266,219.62,153.81,167.19,145.81,171.94,146.38,146,213.69,271.5,174.75
WD50M,2006,247.38,263.5,164.44,187.75,172.06,147.44,164.31,170.88,144.94,180.44,190.69,199.31,177.69
WD50M,2007,337.12,233.81,174.62,168.38,152.62,169.19,168.81,166.19,149.25,157.44,185.88,229.19,170.75
WD50M,2008,201.94,220.25,180,183.31,166.81,169.75,178.38,133.25,74.75,160,223.56,215.44,174.19
WD50M,2009,287.5,195.81,179.62,187.56,140.31,168.56,168.75,145.88,61.12,153.31,208.44,305.88,176.69
WD50M,2010,204.75,18.88,247.25,181.44,170.19,172.31,174.75,173.56,153.25,185.75,208.62,196.31,179.56
WD50M,2011,308.81,219.5,174.62,192.31,176.12,177.06,172,186.12,65.94,165.75,220.31,248.56,182
WD50M,2012,271.31,240.81,183.94,170,166.38,157.5,171.69,143.25,183.75,192.25,177.69,231.62,180
WD50M,2013,255.19,189.69,179.69,172.81,174.38,166.25,149.56,153.88,137.44,170.75,140.69,275.31,166.56
WD50M,2014,259.88,348,202.69,182.94,176.81,175.5,161,158.06,134.62,187.44,205.38,212.19,177.25
WD50M,2015,337.56,31.56,126.44,170.12,157.25,179.88,186.62,157.31,143.25,98.75,170.5,227.81,168.44
WD50M,2016,265.44,259.38,166.81,168.5,158.44,162.44,178.38,159.94,147.06,179.25,205.38,192.56,175.75
WD50M,2017,269.62,216.69,181.12,187.38,176.44,143.31,171.81,115.88,139.31,192.5,199.31,314.75,179.56
WD50M,2018,214.44,162.44,181.88,184.19,172.38,170.25,167.81,172.44,122.19,138.56,251.62,295.38,176.19
WD50M,2019,257.69,191.19,185.94,184.25,172.69,180.44,161.56,159.94,159.62,186.19,211.81,244.44,179.12
WD50M,2020,209.56,288.38,183.25,173.94,152.44,169.06,165.31,148.69,77.94,141.62,171.12,258.31,171.88
WS10M,1981,3.79,4.93,4.91,5.11,5.13,5.09,4.66,4.02,3.88,4.85,4.09,4.52,4.58
WS10M,1982,5.64,4.69,5.2,5.3,4.92,3.59,3.74,4.15,4.34,4.27,5.06,4.51,4.62
WS10M,1983,4.3,4.46,5.3,6.23,5.07,4.27,4.66,3.87,4.91,4.41,5.35,4.82,4.8
WS10M,1984,4.14,5.56,5.3,5.77,5.2,5.41,3.92,3.45,4.98,4.27,4.8,4.64,4.78
WS10M,1985,4.64,4.84,5.2,5,4.55,4.67,3.63,3.98,5.08,4.76,4.75,4.32,4.61
WS10M,1986,4.65,4.96,5.15,5.47,4.94,3.36,4.99,4.11,4.88,4.11,4.39,3.49,4.54
WS10M,1987,4.59,4.7,4.83,4.67,4.31,3.65,4.73,4.23,3.53,4.81,4.7,4.59,4.45
WS10M,1988,5.06,5.05,5.92,5.28,4.98,3.49,4.01,3.83,3.8,4.09,5.22,4.36,4.59
WS10M,1989,4.61,4.88,5.45,4.99,5.15,3.98,3.62,4.54,3.93,4.67,4.77,4.7,4.61
WS10M,1990,5.13,4.88,4.98,5.11,5.39,5.26,4.49,3.53,3.32,4.55,4.8,4.66,4.67
WS10M,1991,4.27,4.66,5.52,5.09,4.55,3.88,3.98,3.2,3.64,4.7,4.86,4.49,4.41
WS10M,1992,3.91,4.66,4.83,4.42,4.12,3.52,5.15,3.77,4.32,4.04,5.16,4.48,4.36
WS10M,1993,3.87,4.52,5.01,5.35,5.08,4.92,6.39,4.19,3.97,4.23,4.55,4.68,4.73
WS10M,1994,5.02,4.95,5,5.61,3.63,4.52,4.23,4.06,3.58,4.14,4.8,3.49,4.41
WS10M,1995,4.73,4.93,5.25,5.42,4.88,4.3,4.29,3.66,3.89,4.91,4.96,4.61,4.65
WS10M,1996,5.91,5.41,6.24,5.91,6.88,4.05,3.88,3.58,3.23,4.58,4.84,4.93,4.95
WS10M,1997,5.05,4.27,4.9,5.29,4.44,3.88,3.78,3.88,4.15,4.33,4.5,4.48,4.41
WS10M,1998,4.79,4.04,5.86,5.12,4.9,6.16,4.49,3.2,3.82,4.86,4.52,4.27,4.67
WS10M,1999,5.13,5.34,5.17,5.48,4.81,4.57,4.58,3.66,4.45,4.23,4.36,5.1,4.73
WS10M,2000,4.69,5.21,5.18,5.06,5.9,4.69,4.38,4.38,4.2,5.02,4.21,4.42,4.78
WS10M,2001,4.21,5.02,3.9,5.6,4.83,4.95,4.52,3.59,3.7,5.03,4.58,4.38,4.52
WS10M,2002,4.82,4.84,5.69,5.06,5.02,3.88,3.66,4.02,3.66,3.73,4.45,4.52,4.45
WS10M,2003,4.49,4.92,4.59,5.84,4.51,3.64,3.91,3.3,3.7,3.84,5.09,5.41,4.43
WS10M,2004,4.74,4.8,5.14,5.03,5.62,3.81,3.87,3.44,3.43,4.13,4.45,4.51,4.41
WS10M,2005,4.45,3.95,4.85,5.68,4.26,4.12,3.36,3.13,4.06,4.06,4.9,4.65,4.29
WS10M,2006,5.51,4.92,5.57,5.3,4.85,4.13,4.65,4.2,3.96,4.61,5.09,4.84,4.8
WS10M,2007,4.24,5.05,5.12,4.99,3.98,4.11,2.93,3.89,3.39,4.39,4.59,4.59,4.27
WS10M,2008,5.11,5.24,5.9,5.72,5.3,5.81,4.21,3.35,3.62,4.41,4.52,5.54,4.89
WS10M,2009,4.88,5.8,6.04,6.03,4.07,4.52,3.66,3.96,3.73,4.78,3.95,4.28,4.63
WS10M,2010,4.38,4.27,5.45,5.52,4.41,4.67,3.87,3.54,3.9,3.88,5.38,4.72,4.49
WS10M,2011,3.72,5.52,5.52,6.42,6.09,5.66,4.03,3.8,3.98,4.2,5.15,4.09,4.84
WS10M,2012,4.95,4.49,5.12,4.93,4.85,4.15,4.06,3.54,3.79,4.59,4.38,4.84,4.48
WS10M,2013,4.27,5.1,5.19,5.36,5.43,4.34,3.86,3.42,3.39,4.41,4.7,4.02,4.45
WS10M,2014,5.41,4.82,5.16,5.55,5.2,5.11,3.58,3.83,3.45,4.41,5.07,4.17,4.64
WS10M,2015,4.16,4.74,3.76,4.47,4.54,3.62,4.44,3.74,3.6,3.91,4.57,4.45,4.16
WS10M,2016,4.3,4.99,5.41,4.48,4.22,3.38,4.47,3.57,3.3,4.26,4.15,4.44,4.25
WS10M,2017,4.72,5.23,5.34,5.45,4.97,3.92,3.21,3.52,3.71,4.49,4.3,4.14,4.41
WS10M,2018,4.98,4.76,4.87,5.2,4.41,5.06,3.53,3.76,3.11,3.94,4.43,4.56,4.38
WS10M,2019,4.72,4.73,4.88,5.23,4.79,3.86,4.02,3.63,4.09,5.02,4.28,4.02,4.44
WS10M,2020,4.69,5.11,4.69,4.73,4.76,4.19,3.77,3.78,3.7,4.52,4.47,4.77,4.43
WS50M,1981,5.82,7.19,7.12,7.45,7.42,7.23,6.32,5.7,5.91,7.18,6.34,6.79,6.7
WS50M,1982,8.06,6.67,7.65,7.66,7.28,5.52,5.74,6.02,6.34,6.34,7.51,6.83,6.8
WS50M,1983,6.36,6.32,7.66,8.66,7.16,6.23,6.62,5.52,6.73,6.65,7.95,6.73,6.88
WS50M,1984,6.04,8.12,7.77,8.38,7.38,7.52,5.57,5.05,6.91,6.51,7.29,7.06,6.95
WS50M,1985,6.62,6.83,7.51,7.42,6.8,6.79,5.23,5.69,7.21,6.94,6.91,6.36,6.69
WS50M,1986,7.2,7.14,7.57,7.64,7.14,5.24,7.1,5.85,7.05,6.21,6.43,5.18,6.64
WS50M,1987,6.64,6.81,6.86,6.93,6.38,5.6,6.8,5.84,5.51,7.02,7.05,6.8,6.52
WS50M,1988,7.37,7.16,8.49,7.7,7.19,5.38,5.88,5.39,5.86,6.1,8,6.59,6.76
WS50M,1989,6.95,6.69,7.9,7.31,7.59,5.95,5.24,6.5,5.68,7.02,7.22,6.73,6.73
WS50M,1990,7.71,7.2,7.12,7.46,7.8,7.49,6.42,5.5,4.89,6.83,7.22,7,6.88
WS50M,1991,6.17,6.97,7.99,7.38,6.59,5.81,5.45,4.85,5.53,6.91,7.35,6.64,6.47
WS50M,1992,5.95,7.01,7.16,6.52,5.93,5.22,7.18,5.52,6.52,6.12,7.5,6.66,6.44
WS50M,1993,5.55,6.46,7.31,7.69,7.36,6.94,8.35,5.88,6.07,6.22,6.87,7.24,6.83
WS50M,1994,7.2,7.17,7.32,7.91,5.45,6.48,6.24,5.7,5.58,6.4,7.2,5.38,6.49
WS50M,1995,7.13,7.34,7.38,7.8,7.16,6.28,6.27,5.45,5.63,7.35,7.45,6.9,6.84
WS50M,1996,8.47,7.79,8.59,8.53,9.24,5.82,5.59,5.25,4.88,6.91,7.16,7.41,7.14
WS50M,1997,7.36,6.27,7.2,7.59,6.56,5.71,5.55,5.63,5.94,6.4,6.73,6.84,6.48
WS50M,1998,6.9,6.03,8.42,7.43,7.12,8.41,6.12,4.65,5.5,7.19,6.77,6.38,6.75
WS50M,1999,7.58,8.05,7.43,7.87,6.98,6.58,6.26,5.25,6.45,6.42,6.88,7.63,6.94
WS50M,2000,7.1,7.78,7.56,7.23,8.2,6.75,6.23,6.27,6.06,7.34,6.23,6.51,6.94
WS50M,2001,6.23,7.17,5.73,8.19,6.98,6.88,6.02,5.26,5.51,7.39,6.77,6.77,6.57
WS50M,2002,7.37,7.13,8.02,7.43,7.33,5.71,5.29,5.57,5.51,5.45,6.82,6.8,6.53
WS50M,2003,6.65,6.88,6.8,8.27,6.36,5.38,5.45,4.76,5.61,5.87,7.49,7.98,6.45
WS50M,2004,7.01,6.9,7.62,7.23,7.84,5.69,5.81,5.16,5.24,6.23,6.57,7.05,6.53
WS50M,2005,6.66,5.8,7.12,8.11,6.07,6.03,4.77,4.72,5.94,6.03,7.38,6.96,6.3
WS50M,2006,8.12,7.11,8.13,7.69,7.05,5.88,6.25,5.75,5.9,6.97,7.68,7.38,6.99
WS50M,2007,6.2,7.35,7.49,7.3,5.84,6.18,4.55,5.71,5.29,6.55,6.88,6.82,6.34
WS50M,2008,7.4,7.52,8.39,8.32,7.5,7.82,5.95,4.91,5.43,6.7,6.88,7.97,7.06
WS50M,2009,7.2,8.36,8.4,8.59,5.91,6.73,5.23,5.69,5.57,6.9,6.23,6.35,6.75
WS50M,2010,6.53,6.23,7.99,7.98,6.41,6.55,5.7,5.2,5.77,6.2,7.94,7.26,6.65
WS50M,2011,5.73,7.89,7.83,8.98,8.62,7.95,5.56,5.51,5.9,6.34,7.65,6.2,7
WS50M,2012,7.45,6.59,7.59,7.16,6.84,6.05,5.58,5.22,5.69,6.69,6.55,7.27,6.56
WS50M,2013,6.36,7.39,7.7,7.66,7.7,6.43,5.6,5.06,5.04,6.53,6.95,6.02,6.53
WS50M,2014,7.95,6.78,7.27,7.92,7.23,7.11,5.42,5.54,4.98,6.57,7.49,6.14,6.7
WS50M,2015,6.32,6.67,5.51,6.63,6.67,5.55,6.72,5.26,5.27,5.8,6.94,6.83,6.18
WS50M,2016,6.62,7.56,7.93,6.65,6.17,5.2,6.45,5.22,4.97,6.52,6.36,6.55,6.35
WS50M,2017,7.06,7.77,7.63,7.77,7.1,5.75,4.84,5.27,5.48,6.86,6.45,6.22,6.51
WS50M,2018,7.3,6.74,7.28,7.45,6.5,6.81,4.96,5.55,4.7,5.95,6.8,6.9,6.41
WS50M,2019,6.98,6.84,7.01,7.61,7,5.7,5.77,5.16,5.91,7.02,6.45,6.32,6.48
WS50M,2020,6.98,7.44,6.95,6.98,6.9,6.24,5.31,5.27,5.47,6.61,6.93,7.18,6.52
PRECTOTCORR,1981,0.32,1.65,2.73,2.57,4.98,3.43,1.17,1.73,2.52,12.81,1.3,0.17,2.96
PRECTOTCORR,1982,1.83,1.66,1.65,1.9,9.24,5.03,2.42,0.61,0.79,1.69,2.83,2.38,2.68
PRECTOTCORR,1983,1.28,0.98,2.57,0.72,4.72,2.76,1.31,2.05,0.4,3.08,1.99,0.54,1.88
PRECTOTCORR,1984,0.74,1.96,2.99,0.92,1.94,1.94,0.92,1.75,1.12,6.68,1.73,4.11,2.24
PRECTOTCORR,1985,0.58,1.86,3.49,3.31,2.9,3.84,1.51,0.49,3.03,4.45,1.59,0.5,2.29
PRECTOTCORR,1986,0.01,2.89,1.13,3.54,6.03,4.53,0.99,1.7,4.25,2.95,2.64,2.09,2.72
PRECTOTCORR,1987,1.53,4.31,1.27,0.35,6.47,4.37,1.44,1.6,2.31,0.55,2.72,3.22,2.5
PRECTOTCORR,1988,0.42,0.95,1.27,1.48,2.95,2.29,2.34,0.73,4.54,1.11,1.44,2,1.79
PRECTOTCORR,1989,2.31,3.58,2.83,1.29,8.7,8.17,1.65,2.33,3.4,1.18,0.33,0.25,2.99
PRECTOTCORR,1990,2.77,3.49,4.91,7.92,5.78,1.58,2.75,1.75,1.93,1.61,3.57,1.02,3.25
PRECTOTCORR,1991,2.36,1.05,1.01,2.1,3.99,3.58,2.49,4.32,2.93,7.16,1.22,7.17,3.31
PRECTOTCORR,1992,2.47,2.87,1.91,1.3,4.76,4.4,1.89,1.9,2.73,1.16,3,3.27,2.63
PRECTOTCORR,1993,1.81,3.99,2.39,2.77,2.44,3.62,0.07,1.17,3.77,5.84,1.26,1.86,2.57
PRECTOTCORR,1994,1.2,1.9,1.45,2.51,5.71,1.34,3.51,1.97,3.57,5.57,4.7,2.22,2.98
PRECTOTCORR,1995,1.38,0.67,3.23,3.43,5.76,2.43,3.57,3.01,3.18,0.67,0.77,1.5,2.48
PRECTOTCORR,1996,0.84,0.18,1.66,2.18,1.2,2.18,3.32,4.7,3.39,2.73,5.39,0.37,2.35
PRECTOTCORR,1997,0.62,6.98,2.04,4.61,3.8,3.2,1.6,2.06,0.74,3.36,1.17,4.54,2.86
PRECTOTCORR,1998,2.87,2.43,3.84,0.99,1.44,1.57,0.4,1.28,1.33,3.76,2.75,2.7,2.12
PRECTOTCORR,1999,1.54,0.2,3.18,2.38,4.75,2.28,0.69,0.24,1.43,2.06,0.18,1.65,1.73
PRECTOTCORR,2000,1.29,1.03,2.37,2.61,2.21,5.77,0.26,0.02,0.42,3.99,4.67,2.11,2.22
PRECTOTCORR,2001,2.3,5.35,2.99,1,3.21,1.65,0.52,2.71,2.04,1.86,1.53,2.06,2.25
PRECTOTCORR,2002,1.56,1.27,4.36,2.87,3.73,2.76,2.6,0.82,1.54,5.24,0.66,3.42,2.59
PRECTOTCORR,2003,0.22,2.55,0.8,1,2.71,4.35,0.35,2.32,3.29,1.04,1.97,0.52,1.74
PRECTOTCORR,2004,1.61,3.89,1.42,3.76,1.99,8.66,3.38,2.52,0.89,3.87,5.38,0.63,3.15
PRECTOTCORR,2005,1.85,1.67,1.55,0.37,2.5,0.62,1.93,2.51,0.61,1.26,0.16,0.17,1.27
PRECTOTCORR,2006,1.38,2.33,3.16,2.67,1.9,1.18,0.54,1.36,2.11,2.16,1.94,1.67,1.86
PRECTOTCORR,2007,2.3,0.47,5.08,2.35,6.36,8.61,3.13,1.37,3.58,1.73,1.13,1.12,3.12
PRECTOTCORR,2008,0.24,1.1,5.03,3.71,2.31,1.64,0.85,3.54,1.74,1.46,1.51,0.29,1.96
PRECTOTCORR,2009,0.49,0.82,2.43,3.8,2.92,2.34,3,1.29,5.6,7.12,0.72,1.44,2.67
PRECTOTCORR,2010,2.22,2.12,2.78,2.84,2.22,2.62,3.48,0.85,7.17,1.07,0.77,1.35,2.45
PRECTOTCORR,2011,0.92,0.64,0.06,1.97,3.31,1.2,0.01,0.84,1.05,4.55,1.32,2.82,1.57
PRECTOTCORR,2012,4.59,1.67,3.94,1.26,2.01,2.17,0.92,2.8,2.46,0.76,0.11,1.17,1.99
PRECTOTCORR,2013,2.32,1.71,1.41,2.43,2.48,2.27,2.58,0.79,2.19,2.48,1.61,1.79,2.01
PRECTOTCORR,2014,0.15,0.52,0.95,1.73,2.42,3.97,2.36,1.48,0.97,2.03,2.41,0.97,1.67
PRECTOTCORR,2015,2.44,1.89,1.96,4.64,12.49,4.99,1.96,0.63,0.92,6.92,6.81,2.58,4.03
PRECTOTCORR,2016,0.44,1.7,2.92,5.82,5.19,3.29,1.91,4.03,3.08,1.8,2.56,0.55,2.77
PRECTOTCORR,2017,2.13,2.1,0.91,2.66,1.47,5.59,2.75,3.97,2.03,1.12,0.68,1.91,2.27
PRECTOTCORR,2018,0.14,6.66,1.84,0.81,2.08,0.82,0.9,2.63,6.3,8.55,0.58,2.45,2.79
PRECTOTCORR,2019,0.89,0.86,1.38,4.24,6.58,3.27,0.91,2.16,0.4,2.57,2.27,0.7,2.19
PRECTOTCORR,2020,2.34,2.43,5.78,0.98,4.69,3.34,1.17,0.72,4.14,2.07,0.64,2.36,2.56
PRECTOTCORR_SUM,1981,9.95,46.34,84.7,77.14,154.43,102.91,36.17,53.75,75.65,397.04,38.88,5.23,1082.19
PRECTOTCORR_SUM,1982,56.8,46.44,51.14,57.06,286.46,150.89,75.03,18.77,23.57,52.42,84.82,73.92,977.31
PRECTOTCORR_SUM,1983,39.83,27.32,79.54,21.46,146.37,82.92,40.59,63.63,12.11,95.46,59.61,16.82,685.67
PRECTOTCORR_SUM,1984,22.89,56.94,92.69,27.75,60.12,58.18,28.44,54.29,33.64,207.11,52.03,127.31,821.4
PRECTOTCORR_SUM,1985,17.94,52.01,108.19,99.2,89.99,115.09,46.67,15.16,91,138.07,47.76,15.43,836.52
PRECTOTCORR_SUM,1986,0.25,80.87,34.91,106.27,186.83,136.01,30.65,52.83,127.42,91.3,79.05,64.83,991.22
PRECTOTCORR_SUM,1987,47.3,120.66,39.28,10.35,200.48,130.98,44.51,49.59,69.34,17.13,81.58,99.78,910.98
PRECTOTCORR_SUM,1988,13.03,27.44,39.34,44.27,91.44,68.67,72.41,22.67,136.09,34.26,43.31,61.86,654.78
PRECTOTCORR_SUM,1989,71.67,100.3,87.78,38.61,269.55,244.95,51.06,72.12,102.06,36.66,9.84,7.89,1092.5
PRECTOTCORR_SUM,1990,85.94,97.75,152.1,237.65,179.1,47.27,85.33,54.25,57.84,50.06,107.23,31.72,1186.23
PRECTOTCORR_SUM,1991,73.09,29.38,31.19,63.07,123.54,107.4,77.25,133.92,87.92,222.1,36.52,222.3,1207.68
PRECTOTCORR_SUM,1992,76.55,83.14,59.26,38.92,147.5,131.94,58.53,58.93,81.75,36.02,89.9,101.34,963.79
PRECTOTCORR_SUM,1993,56.15,111.81,74.11,83.21,75.76,108.69,2.09,36.37,113.01,181.01,37.88,57.61,937.69
PRECTOTCORR_SUM,1994,37.24,53.17,44.87,75.17,177.09,40.31,108.68,61.09,107.24,172.82,140.99,68.73,1087.4
PRECTOTCORR_SUM,1995,42.93,18.76,100,102.99,178.62,73.05,110.75,93.31,95.37,20.77,23.07,46.4,906.03
PRECTOTCORR_SUM,1996,26.1,5.3,51.52,65.55,37.26,65.29,102.88,145.64,101.64,84.53,161.75,11.35,858.81
PRECTOTCORR_SUM,1997,19.08,195.4,63.25,138.4,117.7,96.11,49.72,63.72,22.18,104.2,35.19,140.63,1045.57
PRECTOTCORR_SUM,1998,88.89,68.01,119.01,29.75,44.72,47.24,12.41,39.83,39.97,116.62,82.51,83.78,772.75
PRECTOTCORR_SUM,1999,47.83,5.54,98.43,71.37,147.37,68.32,21.38,7.53,43.01,63.71,5.48,51.27,631.24
PRECTOTCORR_SUM,2000,39.95,29.87,73.6,78.41,68.55,173.23,8,0.63,12.74,123.57,140.11,65.52,814.19
PRECTOTCORR_SUM,2001,71.31,149.8,92.76,29.86,99.59,49.37,16.27,84.16,61.28,57.78,46.03,63.91,822.12
PRECTOTCORR_SUM,2002,48.46,35.58,135.06,86.14,115.61,82.75,80.62,25.44,46.19,162.36,19.73,106.01,943.95
PRECTOTCORR_SUM,2003,6.84,71.53,24.7,29.93,83.9,130.46,11,71.94,98.67,32.13,59.23,15.99,636.32
PRECTOTCORR_SUM,2004,50.04,112.85,44.1,112.8,61.6,259.81,104.8,78.21,26.8,120,161.5,19.62,1152.11
PRECTOTCORR_SUM,2005,57.35,46.65,48.02,10.99,77.47,18.74,59.75,77.7,18.44,39.07,4.89,5.26,464.33
PRECTOTCORR_SUM,2006,42.66,65.11,97.89,80.15,59.03,35.3,16.8,42.02,63.16,66.84,58.29,51.91,679.16
PRECTOTCORR_SUM,2007,71.35,13.2,157.43,70.54,197.19,258.26,97.1,42.4,107.55,53.6,34,34.6,1137.23
PRECTOTCORR_SUM,2008,7.47,31.97,155.88,111.19,71.56,49.31,26.48,109.75,52.29,45.36,45.33,9.04,715.62
PRECTOTCORR_SUM,2009,15.33,23.07,75.34,114.12,90.58,70.12,92.99,39.98,168.09,220.62,21.52,44.55,976.3
PRECTOTCORR_SUM,2010,68.78,59.48,86.26,85.27,68.71,78.47,107.88,26.4,215.12,33.13,23.19,41.79,894.48
PRECTOTCORR_SUM,2011,28.51,17.88,2,59.15,102.61,36.14,0.33,26.13,31.45,141.07,39.58,87.37,572.21
PRECTOTCORR_SUM,2012,142.37,48.3,122.07,37.78,62.16,65.09,28.45,86.91,73.75,23.49,3.16,36.19,729.71
PRECTOTCORR_SUM,2013,72,47.78,43.83,72.99,76.97,68.22,80.12,24.47,65.63,76.89,48.24,55.57,732.71
PRECTOTCORR_SUM,2014,4.69,14.46,29.33,51.92,75.15,119.08,73.23,45.85,29.12,62.88,72.19,30.22,608.11
PRECTOTCORR_SUM,2015,75.58,52.89,60.69,139.32,387.12,149.8,60.7,19.61,27.62,214.57,204.36,79.85,1472.11
PRECTOTCORR_SUM,2016,13.74,49.35,90.48,174.48,160.83,98.65,59.13,125.03,92.29,55.66,76.91,17.12,1013.68
PRECTOTCORR_SUM,2017,65.89,58.93,28.19,79.65,45.45,167.84,85.39,123.03,60.91,34.73,20.53,59.35,829.89
PRECTOTCORR_SUM,2018,4.33,186.45,57.19,24.16,64.61,24.65,28.02,81.38,188.86,264.9,17.39,75.81,1017.74
PRECTOTCORR_SUM,2019,27.59,23.99,42.74,127.06,203.83,98.17,28.11,67.09,12.02,79.62,68.24,21.74,800.2
PRECTOTCORR_SUM,2020,72.39,70.5,179.05,29.39,145.3,100.33,36.34,22.21,124.28,64.19,19.3,73.05,936.33
